Shop Domain,Product Last Created
www.forhome.co.in,2022-12-30
www.theopenform.in,2023-04-11
brbespokesalon.com,2021-11-22
www.omspiritualshop.com,2023-06-07
naazonakhre.com,2023-04-26
sharangdhar.com,2022-03-12
www.pujashahs.com,2023-03-28
veldress.com,2023-08-22
secretsofbrahmaputra.com,2023-06-06
www.humbleexpress.com,2023-02-16
vetrafurniture.shop,2023-02-15
shoonyafarms.com,2023-04-08
straight-studio.com,2023-06-06
www.inginiousclothing.com,2023-02-19
simronmart.com,2023-02-07
www.veonibelle.com,2023-03-16
kripafab.com,2023-04-18
store.iafaforallergy.com,2023-03-23
www.spunstory.com,2023-01-27
cora-jewellery.com,2023-03-15
www.abckidsworld.com,2021-07-22
www.funlittleones.com,2023-04-03
cacacina.com,2023-02-28
fabrizzo.com,2023-03-15
thewovenlab.co.in,2023-02-24
vvyom.in,2023-02-02
vimor.in,2022-11-20
www.thekmshop.in,2022-02-17
hundredthousand.in,2023-01-26
www.nammababy.com,2023-04-04
www.dorcbags.com,2023-03-21
ganeshkart.com,2023-06-01
shop.bioplus.life,2023-03-22
www.zush.in,2023-01-29
plagg.in,2023-05-11
avaha.in,2023-07-14
roarrathletics.com,2023-05-02
labelasna.com,2023-02-08
themakhan.com,2023-07-12
teasfromindia.com,2023-01-25
maniduakhanna.com,2023-03-26
www.reshamsuti.com,2023-07-03
matrix.in,2023-04-26
www.besolid.in,2023-03-01
rkkurtis.com,2023-04-30
shadowart.in,2023-07-28
greneraorganics.in,2023-03-27
ellygo.com,2023-07-31
furnifydesign.com,2023-08-20
roopaks.com,2022-06-05
woofkart.com,2022-12-06
ikkrit.com,2023-05-15
www.thebabyfirstbox.com,2023-03-27
aumaura.co.in,2023-05-17
mygifteee.com,2023-07-20
enlivehomes.com,2023-08-24
karaarthouse.in,2022-11-10
lovemana.in,2023-03-10
www.baelenhomes.com,2023-01-19
bolofresh.com,2023-04-02
lilyshaircareessentials.in,2023-06-29
favouriteauto.com,2023-07-02
www.dheerutaneja.com,2023-03-02
littleok.in,2023-01-04
papeljam.com,2023-03-19
sukoshi.in,2022-12-21
masayahome.com,2023-05-15
www.saaralstore.com,2023-08-04
lacinephile.in,2023-01-07
www.vijimish.com,2023-06-19
morcee.in,2022-09-28
linebyshamimkhan.com,2022-09-05
weareterno.com,2022-11-01
themisto.in,2023-05-12
printmasala.com,2023-06-06
www.atariyadecor.com,2023-06-10
www.kannammadesigns.com,2023-06-30
rasagya.com,2023-02-18
theoldnatural.com,2023-06-13
pamgam.myshopify.com,2023-09-05
www.signetscarves.com,2023-04-13
www.roasterzhealthylabs.com,2023-02-28
drijhalifestyle.com,2023-03-14
bangleindiantradition.com,2023-08-16
wellbergonline.com,2023-04-03
lailaroohifaisaldesigns.com,2023-02-01
www.variousseven.com,2023-04-12
www.samatvaclothing.com,2023-03-30
shopbymehr.com,2023-01-31
nayher.com,2023-07-11
naut.co.in,2023-03-21
www.nandakdecors.com,2023-08-04
svitchbikes.com,2023-06-08
alfadakperfumes.com,2023-04-02
www.organicplace.in,2023-04-25
www.shyamukcouture.com,2023-02-10
www.thepetstation.in,2023-08-07
www.noomu.in,2023-02-21
juvenas.com,2023-04-24
eser.in,2023-04-05
nuskaa.com,2023-02-18
bearscub.com,2023-08-01
insaneandco.com,2023-02-02
oclubstore.in,2023-07-12
sosweet.co.in,2023-01-09
horky.in,2023-03-30
www.vortexclub.in,2023-02-20
myptara.com,2023-05-04
imvelo.in,2023-07-04
oopssdesign.com,2023-08-23
justwear.life,2023-07-04
westwoodinterior.com,2023-01-19
rutvi.in,2023-04-13
www.astroscience.com,2023-04-11
trivenisaree.com,2023-08-02
toonzi.in,2023-06-02
thatopstore.com,2023-08-15
www.6ycollective.com,2023-07-19
diy-creatives.com,2023-03-23
krishnsakhi.com,2023-06-27
www.prajaktaraj.in,2023-05-04
laptell.com,2023-06-05
www.soultreeliving.com,2023-03-18
shopfornaaviv.com,2023-04-11
deliciousfoods.in,2023-01-11
www.housekart.shop,2023-08-26
regor.in,2023-02-20
bedifferent.in,2023-07-07
shaahidecor.com,2023-02-28
babiesfrock.in,2023-03-11
clotholic.com,2023-02-25
sondham.in,2023-06-19
www.thecoverlounge.in,2023-05-18
shop-traveltorq.com,2023-04-14
desigatsby.com,2023-01-08
theautographman.com,2023-04-28
www.zaiqathespicestore.com,2023-01-18
multano.in,2023-01-06
www.purisheritage.com,2023-05-03
www.theyogiculture.com,2023-04-17
alana.co.in,2023-03-20
zodiar.com,2023-03-02
maverickessentials.in,2023-03-03
aimly.in,2023-03-14
www.ayudahomes.com,2023-01-26
shopandtell.in,2023-09-08
www.theclothesencounters.com,2023-05-29
eyebuyclassic.com,2023-07-12
cartswap.in,2023-07-14
www.tinytouch.in,2023-04-28
ateestory.com,2023-06-15
highkey.in,2023-01-28
zhalkesi.com,2023-06-22
www.grabnpay.in,2023-04-24
fatimachikanhandicraft.com,2023-02-18
lavishace.in,2023-04-03
shipkartworld.myshopify.com,2023-07-11
www.pop-prints.com,2023-04-03
baanali.in,2023-04-08
gocartx.myshopify.com,2023-08-19
hypawild.com,2023-03-20
himbal.com,2023-08-17
overlockshop.com,2023-02-18
thecleanstore.in,2023-06-20
www.shoppinghouse.in,2023-04-22
thestyleclub-7256.myshopify.com,2023-07-01
minajaipur.com,2023-09-08
shopbestcart.in,2023-07-04
www.meserii.com,2023-07-15
icruze-digital.com,2023-08-18
www.paher.in,2023-03-03
buyextraposh.com,2023-04-13
anaykaa.in,2023-07-09
flabonafabrics.com,2023-07-31
kumskitchen.in,2023-03-12
rawandrustic.in,2023-03-21
sweetons.com,2023-04-03
godavaricuts.com,2023-08-03
lushessentials.shop,2023-08-12
withn.in,2023-05-30
zonesyrups.com,2023-06-28
www.hueloom.com,2023-02-03
www.orgalife.in,2023-06-15
aektasajdesigns.com,2023-07-15
saturdaybasket.com,2023-08-01
bluebirdfab.com,2023-05-03
serayaclothing.com,2023-08-15
www.wearmiho.com,2023-07-01
tuckied.com,2023-07-15
seventhmall.in,2023-09-01
vintage9leather.in,2023-03-22
nomoreofmore.com,2023-09-07
roadstoindia.com,2023-09-07
vauriic.com,2023-05-31
bideshilook.in,2023-07-21
vanesastore.com,2023-08-05
tcw.global,2023-03-10
arthayurvedaworld.com,2023-05-18
toxicant.co.in,2023-06-14
kiddale123.com,2023-03-29
plestizon.green,2023-05-09
yellowbudlifestyle.com,2023-04-03
tetaleejaipur.com,2023-08-05
www.khakhratoz.com,2023-07-06
gowirelesshub.com,2023-03-20
jaivicorganics.com,2023-03-13
ritsuindia.com,2023-05-11
milumadan.com,2023-05-21
www.desileague.in,2023-03-03
hants.in,2023-06-03
www.gulnaar.co,2023-06-26
grabnew.in,2023-07-06
beautyingrace.in,2023-03-23
spritwatc.club,2023-03-11
www.moontara.in,2023-02-27
minutiae.in,2023-03-24
simersodhi.in,2023-06-10
perfectthreads.in,2023-04-27
www.shopuro.in,2023-03-13
www.ratnacraft.com,2023-07-28
ikvir.com,2023-05-06
www.fitme.co.in,2023-04-05
sellrabbit.shop,2023-04-22
mascotspincontrol.in,2023-06-21
scalomart.com,2023-07-23
offercarts.in,2023-05-06
www.ka-mee.com,2023-08-11
ettorez.com,2023-05-19
mabia.online,2023-05-12
dwhome.in,2023-05-14
redzury.com,2023-04-04
rizzifyindia.com,2023-07-29
simberly.in,2023-07-15
thedoorstep.co.in,2023-07-04
crownlykart.com,2023-07-07
suvarnajaipur.com,2023-08-08
caruaid.com,2023-04-19
www.kruzz.in,2023-04-26
buynitime.in,2023-07-25
pettoosei.shop,2023-05-01
everytimez-2.myshopify.com,2023-04-08
sidrockdenim.com,2023-04-13
www.adaraafashion.com,2023-07-02
shopnektar.in,2023-07-01
discountbae.myshopify.com,2023-08-06
hikujstore.com,2023-06-19
clothing-basket.com,2023-05-31
lightsinthehome.in,2023-08-22
yanasilver.com,2023-06-29
snnfoods.com,2023-05-20
anayaa.in,2023-06-02
teefame.com,2023-08-10
mensential.com,2023-05-06
gurbal.co.in,2023-06-13
evolet.store,2023-07-04
tezhomaya.com,2023-06-02
shop.lensandmeds.com,2023-06-19
funcommjewelry.com,2023-08-30
www.crazkart.com,2023-04-16
revamart.in,2023-08-15
yasya21.com,2023-06-05
onpointdeal.com,2023-04-07
bibbitybobbity.com,2023-07-17
onestopstorex.myshopify.com,2023-08-17
www.blingkyng.in,2023-08-30
utilitymate.in,2023-08-15
indiansethnic.com,2023-06-14
eliteshoper.in,2023-06-04
www.rscreation.store,2023-06-03
faunwalk.com,2023-05-26
www.generalcart.shop,2023-05-07
jaipurisarees.com,2023-07-09
online-store-1615.myshopify.com,2023-07-15
london-stitch.com,2023-06-03
cureiva.myshopify.com,2023-08-18
trackindia.co.in,2023-04-24
lazyshopp.com,2023-08-17
balimantra.in,2023-05-02
hasoti.com,2023-06-29
vester.co.in,2023-08-07
www.tresora.in,2023-06-16
thegreenroom.co.in,2023-06-03
thevastric.com,2023-06-09
jorkk.in,2023-06-15
glamtrend.in,2023-04-20
www.kittleskids.com,2023-05-11
houseofaks.in,2023-07-05
newbiekid.com,2023-07-08
laberra.co,2023-05-17
www.edwanbyrushabkhandelwal.com,2023-07-25
thestrike.store,2023-07-02
trueoutfit.in,2023-06-23
chiqlet.in,2023-04-21
goodluckgems.in,2023-09-05
www.blisskartindia.com,2023-07-31
withrebearth.com,2023-06-14
indianbazaaar.in,2023-06-13
cacklewithlove.com,2023-06-23
aakritva.myshopify.com,2023-06-04
peppycubs.com,2023-06-30
motonix.in,2023-05-09
www.jbwestern.in,2023-07-24
apnidukkan.in,2023-08-12
flourious.com,2023-07-11
orangeshirt.in,2023-06-14
dropshifyme.com,2023-06-05
www.nakhrewala.com,2023-08-08
avenueshop.in,2023-06-19
www.blotto.in,2023-05-30
clikkbox.com,2023-06-12
www.homeofbeauty.shop,2023-06-25
sharkbites.in,2023-06-18
incholijewellers.com,2023-07-24
www.ninadorada.com,2023-05-21
myshopsy-5716.myshopify.com,2023-07-20
rangras.in,2023-05-31
luxetime.in,2023-05-03
addakapda.com,2023-05-01
studiokaaghaz.com,2023-06-30
writtencotton.shop,2023-06-13
kapdaclub.com,2023-06-15
www.stepheaven.com,2023-06-17
flynax.in,2023-06-14
martwallah.com,2023-06-02
udrcrafts.com,2023-06-25
unravellingcurves.com,2023-08-09
blingguardaccessories.in,2023-07-14
shops.femscare.com,2023-08-01
indicharm.com,2023-07-01
crafterina.store,2023-07-03
onlinepmm.com,2023-08-14
kalamcarrier.com,2023-06-06
winkelon.com,2023-07-29
aadambazar.com,2023-06-08
wildrobot.in,2023-07-26
teetribe.in,2023-07-31
thethreemusketeers.shop,2023-09-07
www.sandeepartistry.com,2023-06-12
mastani.store,2023-06-28
tsetunic.com,2023-06-01
trendsforyou.in,2023-06-06
shoptekky.in,2023-07-29
housetopia.in,2023-06-01
www.coupzon.in,2023-08-23
prisha.co,2023-07-26
thriftkart07.myshopify.com,2023-07-27
teev.in,2023-06-16
elitytouch.com,2023-07-14
www.lavester.in,2023-08-01
houseofnayyaab.com,2023-06-28
dealsfifty.com,2023-05-31
zylaluxuryclothing.com,2023-07-25
shoppersspot.in,2023-06-06
indian-shopper-store.myshopify.com,2023-08-01
herbalshopcare.com,2023-08-14
h2relectronics.com,2023-08-30
thesquarestore.com,2023-07-25
shopping-india1.myshopify.com,2023-08-22
ultimateekart.com,2023-07-03
dreamdeal.in,2023-06-17
ladybery.com,2023-05-22
theshop11.in,2023-08-16
www.masakalibybhavika.com,2023-07-20
regaltoss.myshopify.com,2023-09-03
thetrendyycloset.com,2023-07-16
bangocase.com,2023-06-09
pairly.in,2023-06-30
zewaar.in,2023-07-04
trendyybazar.myshopify.com,2023-06-10
quirkyloot.com,2023-07-04
ztreands.myshopify.com,2023-06-04
yipsystore.myshopify.com,2023-07-30
fastshoppe.in,2023-08-10
clothin.online,2023-09-02
housetopia.co.in,2023-06-21
kanaiyafashion.com,2023-07-03
thedotmode.com,2023-08-14
womble.in,2023-06-30
trendwave.in,2023-06-26
storetale.in,2023-08-04
reliabration.myshopify.com,2023-06-23
cozecart.in,2023-07-28
ethnicthreads.shop,2023-07-24
kolapuricentreindia.in,2023-06-07
ambrosiexports.com,2023-07-15
www.kaponkart.in,2023-08-12
048212.myshopify.com,2023-09-04
aeoff.in,2023-07-24
exaurashop.com,2023-08-25
kamakshii.myshopify.com,2023-06-09
www.bagandjug.com,2023-07-28
daily-deals.in,2023-09-01
bigbasket.live,2023-07-10
ethniquee.myshopify.com,2023-06-02
www.clothingtrends.in,2023-07-18
projektalternative.com,2023-06-11
madoverstyle.com,2023-06-26
pinchofprint.com,2023-06-28
patelsfullfilmentcentre.co.in,2023-07-29
zai-store.com,2023-07-24
shailicraft.com,2023-07-22
merchigostore.com,2023-08-01
sujitcrazyshop.myshopify.com,2023-07-03
fashybee.com,2023-08-02
urbantrove.shop,2023-07-17
watzio.store,2023-08-03
marionsaree.myshopify.com,2023-06-19
www.bokka.in,2023-08-16
urbnsparrow.com,2023-06-30
livetop.in,2023-07-08
shopeverse.in,2023-08-24
kitonics.in,2023-07-06
younickart.com,2023-09-02
sleekpicks.shop,2023-07-11
modernistmart.store,2023-08-24
bigbrand.co.in,2023-06-19
lushhues.in,2023-07-13
merakrt.com,2023-08-19
trendygo.in,2023-07-17
shopwise.co.in,2023-08-07
curateandcare.shop,2023-07-16
dopesneaks.shop,2023-09-04
accessorygeekshub.myshopify.com,2023-07-21
allinoneproducts.shop,2023-07-30
shopping.patelsolutions.in,2023-09-08
themegadeal.in,2023-08-06
mogalfashion.com,2023-07-30
hornbillmart.com,2023-07-15
fashionsista.shop,2023-07-30
kitchoo.in,2023-07-16
outfithood.in,2023-07-30
db8770.myshopify.com,2023-07-17
animegrab.in,2023-07-21
77eed7.myshopify.com,2023-07-26
shoppyclub.in,2023-07-28
www.treanding.in,2023-08-09
www.apparelogy.shop,2023-07-03
shopsangam.com,2023-09-08
cliffcart.in,2023-08-29
hayatask.info,2023-07-25
urbansmarty.in,2023-07-03
mrshirtwala.com,2023-06-30
aurasio.in,2023-07-26
kurticollection-3508.myshopify.com,2023-07-07
www.eztrashop.in,2023-07-19
gotocart.in,2023-09-03
e3cf12.myshopify.com,2023-07-19
miniwash.in,2023-08-09
mistycart.store,2023-07-10
zen-shop101.myshopify.com,2023-07-21
shopdeoshop.com,2023-07-08
trendhub01.myshopify.com,2023-07-24
skandas.com,2023-07-11
878274-2.myshopify.com,2023-07-20
fabshopicy.in,2023-08-16
frenchtokyo.com,2023-08-18
www.armarts.in,2023-07-14
aanyashree.in,2023-09-01
trendyx.in,2023-07-31
yashtrader.myshopify.com,2023-07-20
thevertitate.com,2023-09-02
storehappyhome.com,2023-08-08
omaxeshop.in,2023-08-01
localdukhan.com,2023-08-10
indmarts.in,2023-08-01
www.thecasiowatch.shop,2023-07-29
viralspot.in,2023-08-09
varadastore.com,2023-07-12
voxmart.in,2023-09-02
the-digital-shop-6057.myshopify.com,2023-07-27
discoveryhouse-1652.myshopify.com,2023-07-16
thepalmora.com,2023-07-15
genzfactory.com,2023-08-02
scottishfit.com,2023-07-22
vrijknyaa.com,2023-07-28
seasonsale.shop,2023-08-23
thezoeedition.store,2023-08-08
styleupofficial1.myshopify.com,2023-08-20
storecart.in,2023-07-30
www.sowpeace.business,2023-07-15
home-lifestyle.shop,2023-08-29
cloish.in,2023-07-21
housebita.in,2023-07-28
www.wallsanaa.com,2023-09-01
synapsetechno.myshopify.com,2023-08-08
onlineazaa.com,2023-07-30
gloriouskart-cart.myshopify.com,2023-07-14
smilyhouse.com,2023-08-12
kotagalaxy.in,2023-07-31
craftacia.com,2023-07-30
trendnova.in,2023-07-31
trendsvista.in,2023-08-15
kubee.in,2023-07-27
irshadranaretail.myshopify.com,2023-08-07
weartrendy.net,2023-07-28
themensfit.myshopify.com,2023-08-08
breeso.in,2023-08-05
theshoppers.in,2023-08-12
shopcasm.com,2023-09-06
indstyle.in,2023-08-09
www.healthdeal.co.in,2022-09-27
www.modernmutiyaar.com,2023-07-19
aquaestore.com,2023-01-31
thankyoubuddy.com,2023-03-20
www.candleswithak.com,2023-03-09
www.debonatella.com,2023-04-22
huesutra.com,2023-05-26
theholistichealings.com,2021-12-29
ozomax.in,2023-02-15
mantraherbal.in,2023-04-22
www.dimensionsgifting.com,2023-06-12
www.hausofhandmade.com,2023-03-24
aardra.in,2022-11-28
www.somethingsustainable.in,2023-07-11
shipraagrover.com,2023-08-18
www.glitofy.com,2023-05-06
www.socialnomad.in,2023-06-07
silkberryindia.com,2023-03-18
shoptrov.com,2023-01-13
arohiofficial.com,2023-02-04
toreto.in,2023-09-11
tribesunwear.com,2023-07-27
kidsywinsy.in,2023-05-14
www.alc.studio,2023-05-09
www.halfdotdesign.com,2023-06-21
punarnawa.com,2022-12-07
wagwan.co.in,2023-05-06
www.vogueready.com,2023-04-22
shopanaar.com,2023-02-15
asukacouture.com,2023-02-02
versavia.in,2023-04-20
misajewels.in,2023-09-02
themulberrytree.in,2023-01-18
marviza.com,2023-04-01
raethshop.com,2023-08-13
tasarika.co,2023-02-27
paperhandy.com,2022-08-30
kidebaj.com,2023-04-19
storeofarts.com,2023-08-28
www.shrustar.com,2023-01-10
handmadesunshinestore.com,2023-03-22
happietones.com,2022-12-09
21twentyone.in,2023-01-02
snherbals.com,2023-03-12
snitchverse.com,2023-05-20
ladecus.com,2022-07-05
www.cushionvilla.com,2023-04-10
ouifashion.co,2022-08-17
nirasceramics.com,2023-03-27
www.canvascampaign.com,2022-12-01
www.preevin.com,2023-02-09
www.tangeloicecream.com,2022-12-22
roddurindia.com,2023-04-16
swathinanda.com,2023-01-23
www.simsimfashions.com,2023-09-12
www.draaz.co.in,2023-07-22
theepisodee.com,2023-03-17
marcassilver.com,2023-03-15
www.rafudindia.com,2022-10-20
www.braclo.in,2023-04-19
www.sangeetasweets.com,2023-09-11
cuttingedgeindia.com,2023-01-24
zoopmen.in,2023-04-03
www.zobhalife.com,2023-03-30
easycareglobal.com,2022-11-23
adonhaircare.com,2023-03-15
www.prot-official.com,2022-10-18
paush.life,2022-09-15
indyraaga.com,2023-07-08
www.saintandraven.com,2023-02-01
www.ouston.in,2023-01-18
adornbysonali.com,2023-05-21
vaire.in,2023-08-29
universaltypewritercompany.in,2023-07-20
isomerhub.com,2023-03-27
ohcha.in,2023-03-01
jutehandicraft.com,2023-04-27
hotsellingz.shop,2023-08-29
orayasoven.com,2023-03-25
www.downalley.com,2023-06-24
handicraftsjrt.in,2023-05-27
lafattio.com,2023-09-13
www.laderach.in,2023-08-25
kirvacreations.in,2023-05-20
www.dinkywhee.com,2023-05-13
arshiasinghofficial.com,2022-11-21
thevendorvilla.com,2023-02-17
chheent.in,2022-09-26
www.yaazh.org,2023-02-14
studioojs.com,2023-04-13
southsidehabits.com,2023-04-16
cobbitaly.com,2023-05-25
faburaa.com,2023-04-10
decor.plus,2023-01-26
triune.store,2023-02-13
designworks.one,2023-05-24
www.beingclassico.in,2022-12-23
wooly-woos.myshopify.com,2023-07-10
estaasweets.com,2023-02-27
j4ekart.com,2023-07-20
babycuddling.com,2023-08-22
www.earthharvests.com,2023-05-18
casetrix.in,2023-01-11
mymahak.com,2023-04-28
www.thisisassal.com,2023-06-10
www.rashikasharma.com,2023-04-20
hellosports.xyz,2023-09-13
stephues.com,2023-01-14
thesaikostudio.com,2023-04-07
madurainners.com,2023-02-14
cartdealz.shop,2023-09-06
makmobile.in,2023-05-25
www.hallicraft.com,2023-08-28
eatmillet.in,2023-05-03
www.mayabydp.com,2023-03-28
lifesabeach.in,2023-04-24
bangaloresurplus.com,2023-06-11
diabexy.com,2023-01-13
www.mianzi.in,2023-06-02
www.gemgalleryindia.com,2023-05-27
www.skylish.in,2023-08-05
houseofafsaneh.com,2023-04-17
zebsalman.com,2023-05-04
delpiero.in,2023-04-29
eotiq.in,2023-05-05
ilraso.com,2023-03-26
purplepromise.clothing,2023-06-11
unfldstore.com,2023-04-03
zitasilver.co,2023-02-28
litupstore.in,2023-05-20
planetdsg.com,2023-03-13
statuemanufacturer.com,2023-08-29
www.padmahastacreations.com,2023-01-15
amaljewels.co.in,2023-06-06
glowdiva.in,2023-07-24
www.makhmalcreation.com,2023-02-17
thejc.in,2023-07-10
www.litmuswear.in,2023-05-08
thespinwheel.in,2023-01-19
themangochutneyshop.myshopify.com,2023-08-29
ishafancy.com,2023-03-16
www.justbands.in,2023-03-19
www.labelmuskan.com,2023-06-03
www.cockpitcrush.com,2023-04-16
www.thebeautysailor.com,2023-03-03
dasspiritualitywelt.com,2023-09-09
www.invoketrend.com,2023-07-02
www.noventis.co.in,2023-07-21
nailsutra.com,2023-07-04
perfumehub.in,2023-01-26
get-atease.com,2023-06-02
caseocean.in,2023-02-02
for8.earth,2023-01-21
mishtigriha.com,2023-07-02
ipahad.com,2023-09-13
shreeshyamajewellers.com,2023-06-22
www.republicofcurves.in,2023-07-18
cunique.co,2023-08-24
rodzen.in,2023-02-10
gloryzer.com,2023-06-03
www.drevolifestyle.com,2023-04-29
gobasket.in,2023-05-20
www.taishastore.com,2023-03-01
tradezilla.in,2023-09-12
shoprangeelo.com,2023-02-18
www.kartsense.com,2023-09-09
csessentials.in,2023-05-02
dagablouses.com,2023-07-14
apnashopin.myshopify.com,2023-09-01
megami.in,2023-06-18
indside.in,2023-03-27
www.vianavastara.com,2023-09-11
assured-indian-mart.myshopify.com,2023-09-02
merchkart.in,2023-08-31
www.debsquad.com,2023-08-30
www.beliore.com,2023-08-18
ithikastudio.com,2023-04-08
buywise.in,2023-08-30
lugdabydihi.com,2023-04-13
bellefemmecreations.com,2023-09-05
poshakfashions.com,2023-05-04
pura-tienda.com,2023-03-19
kameleon.co.in,2023-04-25
emblaze.in,2023-03-18
champsshoes.in,2023-04-19
tatwadesigns.com,2023-06-17
www.royalparow.com,2023-09-02
luxuryauras.com,2023-03-01
tintcosmetics.in,2023-09-12
littlelangot.com,2023-07-11
foiflavoursofindia.com,2023-04-18
royaljewells.in,2023-05-23
stylefashionindia.com,2023-09-12
krushnachuda.com,2023-03-24
renuelifestyle.com,2023-04-12
shristichetani.com,2023-02-28
shoppingshark.in,2023-08-27
www.obleka.in,2023-04-14
elyas.in,2023-09-13
apkidukkan.com,2023-09-04
agentsparrow.in,2023-08-08
maden.co.in,2023-03-10
glistenix.com,2023-08-31
anvili.in,2023-07-20
www.poshly.in,2023-09-09
kellon.in,2023-04-14
virasit.com,2023-09-05
cowpathy.com,2023-06-03
www.delphispace.in,2023-09-12
arvybyrahulvyas.com,2023-03-06
dripstudio.in,2023-08-17
mysmilecart.com,2023-08-29
cute-jewels.com,2023-05-06
www.lakhniwala.com,2023-03-28
kene.co,2023-04-05
repgod.in,2023-09-09
www.nanima.co.in,2023-04-21
lakdibaaz.in,2023-06-07
maaticare.in,2023-04-15
homzio.co.in,2023-08-18
www.xelo.store,2023-03-21
niveditafashions.in,2023-03-10
www.bysak.com,2023-04-12
www.meethi.in,2023-09-13
bngh.in,2023-04-02
meteamo.in,2023-05-26
www.gayoressentials.com,2023-06-15
anjaniart.com,2023-06-28
meery.in,2023-08-01
tooshkashmir.com,2023-03-27
arninejewellery.in,2023-04-20
narinirvana.com,2023-06-17
bhavyabhasin.com,2023-03-28
aarushjewels.com,2023-04-12
www.thebckspace.com,2023-08-01
www.holygrailhomes.com,2023-07-26
bydivyaaggarwal.com,2023-04-05
www.drishtiandzahabia.com,2023-04-22
potlighar.com,2023-09-13
www.frenchtheory.in,2023-09-05
noveltyfoods.in,2023-03-26
grensicrafts.com,2023-06-30
herykadezigns.com,2023-05-07
nexoby.com,2023-06-12
www.therayrgirl.com,2023-07-11
missmacrame.com,2023-06-25
shop.okbinny.com,2023-09-01
www.happyribbon.in,2023-08-31
aurorawish.com,2023-05-19
idolcotton.com,2023-04-17
homeyhood.com,2023-09-11
kwins.in,2023-07-13
houseofaaral.com,2023-08-20
stonesflying.com,2023-09-13
pawky-wink.myshopify.com,2023-07-12
myperfectposter.com,2023-09-01
bettaaqua.com,2023-04-21
www.karmaandpeace.com,2023-05-11
www.arpangems.com,2023-06-17
colourcharades.com,2023-04-02
artcasm.com,2023-04-15
www.myaara.com,2023-03-16
www.casetonics.com,2023-04-24
giftvix.com,2023-05-30
2siblings.in,2023-06-30
jeetindersandhu.online,2023-07-07
houseofpiadeeksh.com,2023-05-18
montabel.com,2023-04-17
www.aeka.studio,2023-04-12
memorybox.in,2023-08-29
coalcleanbeauty.com,2023-07-29
catchyoutfit.store,2023-09-06
stitchcraftindia.com,2023-07-15
clubshop24x7.in,2023-08-05
shoppiverse.in,2023-09-04
thesalwar.shop,2023-06-08
thetravellingloom.com,2023-07-14
shabadoriginals.in,2023-07-03
www.sainsisters.com,2023-07-16
stryzer.com,2023-04-07
turtie.in,2023-07-15
bags-bazaar.com,2023-06-15
fabhomedecor.in,2023-06-27
nishimadaanlabel.com,2023-05-22
vezimon.com,2023-06-29
www.bebeunicorn.com,2023-08-23
www.vyanalinen.com,2023-09-13
alankari.com,2023-09-01
seamsandbeyond.in,2023-06-09
shugar.in,2023-08-29
thelazyganglabel.com,2023-06-02
www.houseofanupama.com,2023-09-02
jhangad.shop,2023-08-26
meette.in,2023-05-05
regium.in,2023-06-03
bokunotrends.com,2023-09-04
farzioriginals.com,2023-08-09
kanusrii.com,2023-05-09
hauteclub.in,2023-09-07
frankshirt.in,2023-06-08
www.fullonshopping.in,2023-08-06
ayellowstone.com,2023-08-17
oleefashion.com,2023-08-07
yagnaseni.com,2023-08-05
duskandlux.com,2023-08-09
bbcosindia.com,2023-04-26
lillooms.in,2023-09-13
riwaztrendz.com,2023-05-13
clusso.com,2023-09-04
homebound.in,2023-07-31
agarwalcraftpalace.in,2023-07-21
www.consciouslabel.in,2023-04-07
tunicaa.com,2023-06-07
zebraclothings.com,2023-06-20
thechavistore.in,2023-08-29
sevenseascosmetics.com,2023-06-04
fitclickindia.in,2023-08-31
www.peepalessentials.com,2023-07-08
trueconnection.in,2023-08-04
abuggy.com,2023-09-11
mrmakhana.com,2023-06-13
antimonyindia.com,2023-07-29
theplugclothing.in,2023-09-02
www.clixbuy.in,2023-09-12
lyba.shop,2023-06-07
www.lilacjaipur.com,2023-07-17
moqono.com,2023-08-03
myteez.in,2023-08-11
thefootspeaks.store,2023-07-15
brightorganik.com,2023-06-08
snaqary.com,2023-07-24
aegonlifestyle.com,2023-09-05
hisa.co.in,2023-07-14
homeshopindia.in,2023-07-31
myror.in,2023-05-15
ovieanime.com,2023-08-11
thechikankars.com,2023-08-13
classicessentialindia.com,2023-07-07
solutiononline.shop,2023-08-28
www.krazzyfit.com,2023-08-16
tinytoppers.in,2023-08-04
lugabh.in,2023-08-03
nimkish.com,2023-05-19
uniquething.in,2023-08-29
suparshavstudio.in,2023-08-03
petwoop.com,2023-09-09
vapstore.in,2023-07-06
storebudy.com,2023-09-03
ezmestudio.com,2023-05-06
spicenstyle.com,2023-08-23
clubsalwar.shop,2023-08-27
www.mohras.com,2023-06-18
rajsiivibes.com,2023-07-23
hartansh.com,2023-09-01
soapchemistry.in,2023-06-13
epanchkarma.com,2023-06-12
theamoure.co.in,2023-08-27
www.indianbuy.shop,2023-09-13
pantryplush.com,2023-09-05
indiashopsonline.com,2023-08-20
www.kayakalpherbals.com,2023-09-05
ligroz.com,2023-08-04
wayoftrend.com,2023-08-28
trendyaura.in,2023-07-07
artisansmela.com,2023-07-08
essencehouse.in,2023-07-05
stellerfinds.com,2023-07-14
fashionfild.in,2023-08-21
isnoorclothing.in,2023-06-05
ethenika.com,2023-09-12
colavitaindia.com,2023-06-23
zerakiindia.com,2023-06-12
chicappreal.com,2023-08-13
jaiminfashion.com,2023-06-13
karishmaashita.com,2023-07-26
cybercotton.com,2023-07-05
tishyajewelz.com,2023-09-01
suncityjeans.com,2023-08-02
westinee.myshopify.com,2023-06-07
crystonindia.com,2023-09-11
www.digiutpad.in,2023-08-01
glamourgalore.in,2023-07-22
www.rangloom-indieecrafts.com,2023-06-28
nimbuscart.com,2023-06-10
boldacc.co,2023-09-01
melooks.in,2023-08-02
aatmafashion.com,2023-06-21
www.homizone.in,2023-08-26
www.tomandlucas.com,2023-06-27
novuscreation.in,2023-06-28
maymaymerch.store,2023-08-08
walljournals.com,2023-07-23
genipsclothing.com,2023-08-14
aveechi.in,2023-08-01
lockcouture.shop,2023-08-20
nrjstore.in,2023-07-25
anorah.in,2023-09-11
www.atheia.in,2023-06-23
www.nitakitchenware.in,2023-07-24
www.perfectstore.in,2023-09-07
shop7worldwide.com,2023-09-06
hellocosmos.in,2023-08-15
storiesofdori.com,2023-07-19
louizparis.com,2023-08-07
kharidd.com,2023-07-02
shoppingmartindia.com,2023-08-22
sassytees.in,2023-08-31
kezline.in,2023-07-12
www.bbossbae.com,2023-09-02
artsyeyesaccessory.com,2023-06-30
chiirkut.com,2023-07-22
racknrolls.shop,2023-09-03
www.houte.in,2023-06-22
eleanor.today,2023-09-09
indiastore.co.in,2023-09-12
streetfitsfashion.com,2023-06-23
shirtswallah.com,2023-06-27
ekalby.myshopify.com,2023-07-23
two-wonders.myshopify.com,2023-09-10
onlyhomly.com,2023-08-08
panacheluxurystore.in,2023-08-21
easiylife.myshopify.com,2023-07-25
www.eshopy.me,2023-08-31
slursh.in,2023-08-18
sonaligiftcenter.com,2023-09-02
www.assuremart.in,2023-07-17
importantmart.in,2023-08-18
homelyne.in,2023-09-10
shopfifty.in,2023-08-11
merikart.shop,2023-09-01
poojasarathi.com,2023-08-24
grahakmart.com,2023-07-13
kaiinu.in,2023-06-23
commonpath.shop,2023-09-13
trendedshop.com,2023-08-19
casex.in,2023-08-18
trendsmile.in,2023-09-06
carydressfash.myshopify.com,2023-07-04
itsnineup.com,2023-07-26
localadda.co.in,2023-08-21
arunaarokiyamaiyam.com,2023-07-07
bidvine.shop,2023-08-13
www.basata.co.in,2023-08-18
shoekersin.myshopify.com,2023-07-28
treasureherb.in,2023-06-28
divinetrishul.ac,2023-08-04
mudih.in,2023-09-11
mewici.com,2023-07-25
thelootstore.in,2023-09-09
brand-fusion-co.myshopify.com,2023-09-10
stylecarts.in,2023-08-08
commonberry.in,2023-07-29
arikaaccessories.com,2023-07-10
urbanshoppe.co,2023-09-10
galeech.com,2023-08-16
wowmink.in,2023-08-31
myshoppee.in,2023-08-06
www.gauravmobiles.com,2023-09-03
vanicreation-1697.myshopify.com,2023-07-11
ridhishiddhi.com,2023-08-25
www.lehcholi.com,2023-09-10
sixteenstreet.in,2023-09-01
dealscartz.shop,2023-08-28
urbanartdecor.com,2023-09-01
centralemporium.in,2023-08-10
thesizestory.com,2023-07-31
yughastifashion.com,2023-08-19
classictailor.in,2023-08-15
rainbow-girls-4404.myshopify.com,2023-07-21
fabmnsore.myshopify.com,2023-08-23
soulbart.shop,2023-08-25
crazzychoice.com,2023-09-03
levelnextshopping.com,2023-08-12
speed-hex.myshopify.com,2023-08-27
theamiteshenterprises.myshopify.com,2023-09-10
www.vastralye.com,2023-08-09
freshthreadtees.com,2023-08-16
comfora.store,2023-09-05
thewrappingtree.com,2023-07-23
betterwow.co,2023-09-12
hellokart.in,2023-09-11
kurtifusion.store,2023-08-23
allthingstrending1.myshopify.com,2023-09-06
bookshall.in,2023-07-29
blue-stoneco.myshopify.com,2023-08-23
lakshmicreation.com,2023-09-02
thirdworldstore.com,2023-09-10
jollyvalley.in,2023-09-09
primecargo.in,2023-08-22
bonzobazaar.com,2023-09-02
homewings.in,2023-09-04
discountmmaster.myshopify.com,2023-08-09
www.onyxkart.com,2023-08-21
eziecart.com,2023-08-25
nexstyle.in,2023-09-11
anvijewellers.com,2023-08-04
indiancarts.com,2023-09-10
alltechtrove.com,2023-08-26
yousrtime.myshopify.com,2023-08-27
desilime.in,2023-09-09
www.getpeachy.in,2023-02-05
www.blisswelness.com,2023-03-29
neosocial.in,2023-06-15
frozenmusicmaison.com,2023-01-23
nochoice.in,2023-08-21
luxurycrafts.in,2023-06-08
aafiyaperfumes.com,2023-04-05
reveltrends.in,2023-02-02
doonmemories.com,2023-02-04
jdxstore.com,2023-01-02
www.vaidikonline.com,2023-09-09
essencebag.com,2023-03-26
www.ubfashion.in,2022-09-10
fawesindia.com,2023-02-23
hivagi.in,2023-07-08
nimeyah.in,2023-03-20
shopskosh.com,2023-05-27
silverdollarcosmetics.com,2023-03-02
www.nutraj.com,2023-07-03
batoony.com,2023-06-09
totlekid.com,2023-07-13
www.shopoddcat.com,2023-07-06
www.bonnito.com,2023-09-08
poshtiksutra.in,2023-09-12
www.anaghaya.com,2023-01-16
www.2112.co.in,2023-04-28
guardiangears.in,2023-03-17
aadilonline.in,2023-01-31
soul-sattva.com,2022-11-24
srisriwellbeing.com,2023-07-03
houseofdechen.in,2023-02-11
fezacollection.com,2023-04-08
www.chinarkari.com,2023-04-19
cutiepaw.in,2023-05-05
labelinara.com,2023-07-22
in2nutrition.in,2023-03-28
parulgargbeauty.com,2023-05-03
sonucookware.com,2023-02-26
myfrescia.com,2023-01-04
thohemp.com,2023-04-14
manywayglow.com,2023-08-31
geetikajain.in,2023-02-20
aurocare.in,2023-06-14
zaragem.com,2023-09-11
trueniche.in,2023-09-10
wearrae.com,2023-04-29
www.ameallyours.com,2023-02-28
untld.in,2023-08-31
click2kart.in,2023-09-04
www.tatvamliving.in,2023-06-30
razaaiwala.com,2023-07-14
www.sukhanvar.com,2023-02-18
adornmywish.com,2023-04-25
solidcoreathletics.com,2023-02-02
theformalclub.in,2023-03-25
aromaticgardenessence.com,2023-07-21
say1store.in,2023-09-16
houseofmakeup.com,2023-06-22
manishasonicouture.com,2023-09-15
thehealthycliq.com,2023-08-21
revasafarms.com,2023-03-27
khushboochugh.com,2023-04-04
blissbysiddhi.in,2023-09-03
bbbshop.in,2023-01-26
stickerly.shop,2023-02-08
unlimitedoff.com,2023-09-03
www.awesomethings.in,2023-09-03
edoutfit.com,2023-08-25
relaxcompany.shop,2023-09-15
iamboozhe.com,2023-03-25
relaxcompany.site,2023-09-15
auxbeam.in,2023-01-09
hunnit.com,2023-02-02
www.gkhair.co.in,2022-12-01
sumisolife.com,2023-08-03
elegantejewels.in,2023-09-02
www.qubelifestyle.com,2023-09-14
www.aranyapurefood.com,2023-09-15
www.twenty22.shop,2023-08-11
sadafarif.com,2023-06-18
threespot.in,2023-04-24
shopaame.in,2023-01-20
petrocrib.com,2023-09-14
carbonmadras.com,2023-09-14
www.reedoofashion.com,2023-03-21
www.addressapparels.com,2023-02-17
effectinnlingerie.com,2023-07-29
roqa.in,2023-01-10
ishusilver.com,2023-05-02
rellter.com,2023-05-16
homified.in,2023-09-15
bluebaskets.in,2023-09-05
www.pallavigoyal.com,2023-01-29
uphaarwala.com,2023-04-18
www.cottonsugar.in,2023-06-07
perfumejunction.in,2022-12-13
shapeofyou.co.in,2023-02-10
www.betterdeal.co.in,2023-09-16
montebellosocks.com,2023-07-07
www.naazbyricha.com,2023-05-28
www.blacknblanc.com,2023-03-18
venda.in,2023-03-29
mozabee.com,2023-09-02
pebel.in,2023-08-23
bodyfirst.in,2023-03-27
monsui.in,2023-02-26
www.thecraftarena.com,2023-05-29
truebovine.com,2023-03-03
www.donewithlove.store,2023-08-10
kalabazar.in,2023-03-16
www.jhamasweets.com,2023-01-21
studiosilq.com,2023-06-12
attarwalas.com,2023-04-09
muzostyle.com,2023-03-13
www.jaipurtrendz.in,2023-09-15
misoradesigns.com,2023-05-27
shopscape.in,2023-04-11
www.caseimpec.com,2023-09-11
nostrain.in,2023-02-25
www.jeweltiquedesigns.com,2023-03-15
www.thestylewild.com,2023-09-12
sjcreationsjewellery.com,2023-03-31
www.ganslifestyle.in,2023-04-03
coolcrate.in,2023-09-14
thefancyvest.com,2023-08-19
levino.in,2023-08-26
www.buyyhere.com,2023-08-23
sumii.in,2023-04-26
artichome.in,2023-09-08
xctasy.co,2023-03-14
formsolid.com,2023-08-21
ashorelifestyle.com,2023-03-22
www.diogolouis.com,2023-09-15
a4ea91-2.myshopify.com,2023-05-24
www.urbanbling.in,2023-07-19
zarfstudios.com,2023-03-29
kohsh.in,2023-05-18
indiasmart.in,2023-09-11
shopapara.net,2023-05-04
www.worldofoorja.com,2023-09-10
creativekarts.online,2023-09-13
richerroyal.com,2023-03-18
www.alfabolic.com,2023-05-26
theearthcollective.in,2023-04-28
amlifecare.com,2023-09-02
vivaahdori.com,2023-02-25
housemax.shop,2023-09-10
ashdeepfoods.in,2023-04-01
minus30.co,2023-07-20
denimar.in,2023-07-10
www.aslekhas.com,2023-08-26
spiderhq.site,2023-09-13
www.delvae.com,2023-08-04
www.lowpricestore.in,2023-09-14
bestdeallife.myshopify.com,2023-04-21
www.jugno.in,2023-08-22
decomaze.com,2023-03-02
gadgetskhazana.com,2023-08-28
improvus.co,2023-03-03
lifetimedryfruits.com,2023-04-03
m-a-zone-7148.myshopify.com,2023-05-29
arrowship.in,2023-09-04
www.saurabhjainworld.com,2023-08-03
cocooncare.in,2023-08-04
yappy.in,2023-08-28
mbdhwellness.com,2023-09-01
julodesigns.com,2023-04-14
meyco.in,2023-09-15
www.jonaya.in,2023-09-14
dfresco.in,2023-09-12
templateshop.net,2023-09-11
spiderhq.live,2023-09-14
zaydns.com,2023-04-20
www.isbuddy.com,2023-09-14
www.devpoojan.in,2023-09-14
qalaclothing.com,2023-07-26
7day7look.com,2023-04-07
bettershope.com,2023-09-12
indichic.in,2023-09-14
centimeterclothing.com,2023-04-10
studiobustle.com,2023-06-06
www.xeira.in,2023-07-28
premiumcollection.in,2023-08-12
nexstepapparel.com,2023-08-25
www.milapcosmetics.com,2023-08-24
urbanecrown.com,2023-03-28
fashion365.store,2023-06-10
fibologic.com,2023-07-02
www.houseofprisca.com,2023-04-06
www.glamson.in,2023-03-20
rarespiderr.com,2023-03-26
nefilyy.store,2023-03-17
magicledlights.com,2023-09-05
kisekiapparels.com,2023-08-06
beesky.in,2023-09-05
banishshoes.com,2023-05-04
dealmosiac.com,2023-09-10
kitzen.co.in,2023-09-09
nairajewels.in,2023-07-18
onmie.com,2023-09-15
petsetgo.co.in,2023-08-31
www.gulalgota.com,2023-07-24
kauraindia.com,2023-03-25
aycs.co.in,2023-03-31
www.shaliniguptastudio.com,2023-08-01
kadhuwa.in,2023-08-12
rdivas.in,2023-04-12
trendypurchase.shop,2023-09-15
melangefresh.com,2023-08-28
urbanice.in,2023-05-20
johargram.co.in,2023-04-16
bestgoods.in,2023-09-15
thecelestine.in,2023-04-04
skewdeckindia.com,2023-09-08
bushcart.in,2023-07-07
www.seolfor.co,2023-04-11
countrymaddox.com,2023-08-14
smileyday.in,2023-08-24
uniqstree.com,2023-06-12
bewelx.com,2023-07-09
veerfabs.com,2023-04-08
urbanhairs.com,2023-09-15
goamen.com,2023-09-12
happinessbasket.shop,2023-09-13
superbclik.com,2023-05-11
modernwitty.com,2023-09-14
astrodukaan.com,2023-09-14
pratibhajaipur.com,2023-07-04
shoppingry.com,2023-09-15
www.shopnamastay.com,2023-09-01
driplogy.com,2023-09-04
zirva.co,2023-07-08
ikann.in,2023-09-14
www.10accents.com,2023-06-15
homeitems.co.in,2023-09-14
bankai-world.com,2023-06-09
vogueorgy.com,2023-09-14
www.venusmart.in,2023-07-20
threadvibeliving.com,2023-04-10
kamanikart.com,2023-08-05
rufandtufbags.com,2023-09-15
www.anerabyav.com,2023-05-11
cuteify.in,2023-07-01
sassysajja.com,2023-07-19
www.irtada.com,2023-09-04
healthstreets.live,2023-09-13
www.wizzcart.in,2023-09-13
soul360.in,2023-06-22
wellcrafte.in,2023-05-13
houseofnyambh.com,2023-09-02
baesharam.in,2023-07-16
www.livinscape.com,2023-07-31
winzocart.com,2023-09-14
clotixcart.com,2023-06-01
www.theblackboxco.com,2023-05-29
krimayaglim.com,2023-07-27
cellecor.com,2023-09-01
stylematters.in,2023-05-24
smilebox.store,2023-09-13
izel.co.in,2023-08-12
www.uncleji.in,2023-08-21
barrooni.com,2023-07-07
nexbox.in,2023-09-14
dripoutstore.com,2023-06-17
thirftit.in,2023-05-08
www.vitalmartonline.com,2023-08-20
runningcloth.com,2023-06-08
www.buyvelly.com,2023-09-13
thecraftsvilla.in,2023-08-19
gyandecor.com,2023-08-30
godwithus.in,2023-09-06
glambug.in,2023-09-14
nextbeast.in,2023-07-26
www.bebozzo.com,2023-08-28
gillidandaonline.com,2023-07-24
fleurfootwear.com,2023-09-04
indianministore.in.net,2023-08-23
bannadijaipur.com,2023-07-19
alleviater.in,2023-07-31
kottonmaxx.com,2023-05-23
hothots.in,2023-09-12
alifcases.com,2023-09-05
houseofawadh.com,2023-05-26
www.need2kart.in,2023-07-13
yourhomiethings.com,2023-09-15
zanzibarliving.in,2023-08-18
hypestore.in,2023-09-15
hottiepooh.com,2023-06-07
kapto.in,2023-07-28
unbxed.com,2023-06-15
zoorkii.com,2023-09-15
quikshop.in,2023-09-12
holmstory.com,2023-07-16
www.aands.co.in,2023-06-15
jbstore.in,2023-08-25
smalldukaan.in,2023-09-14
goodko.in,2023-09-11
elysiumthestore.myshopify.com,2023-07-20
labelcheti.com,2023-08-19
findbazar.in,2023-09-14
teckstars.in,2023-08-08
projectshop.co.in,2023-09-14
lehengafab.com,2023-08-05
decentvault.com,2023-07-24
allmarts.live,2023-08-19
www.rootedactives.com,2023-07-20
motormavericks.in,2023-09-03
texahub.com,2023-09-14
youngartisan.in,2023-08-28
karmafab.com,2023-08-29
shoescaart.in,2023-09-10
worthful.shop,2023-09-13
digitaldookan.online,2023-09-12
raregets.com,2023-09-14
www.coeurstyle.in,2023-06-30
fakerole.com,2023-09-14
www.thealter.in,2023-09-11
littlepeopleslabel.com,2023-06-13
pitara.shop,2023-08-04
tryshoppingo.myshopify.com,2023-09-15
www.perfumexnow.com,2023-09-04
faizecart.com,2023-09-15
carriall.com,2023-07-26
thepassion-style.com,2023-09-04
urbankleidung.com,2023-06-22
ezeezones.com,2023-09-06
takito.in,2023-09-01
feda.buzz,2023-09-16
www.shopscart.in,2023-06-23
luxurybeautyindia.com,2023-08-07
bulkybaskit.com,2023-09-02
www.streetwearclothings.com,2023-07-08
gymtys.com,2023-07-30
outlethub.in,2023-07-14
trandykart.com,2023-09-14
crossfitthreads.com,2023-09-14
labelyogi.com,2023-08-31
rudrakshastore.in,2023-06-10
4bfb5a-2.myshopify.com,2023-09-02
dealdot.in,2023-08-23
arteeva.in,2023-07-16
saantiago.myshopify.com,2023-06-02
alcostafashions.com,2023-07-27
refashion-mode.com,2023-09-04
www.thedealzone.in,2023-09-15
imchoosy.in,2023-09-03
deetastore.com,2023-06-21
www.zarooristore.com,2023-07-02
ghagharacholi.com,2023-08-22
casecollection.in,2023-08-30
adroshifashion.in,2023-07-24
ethnicessence.co.in,2023-06-07
digitalmicky.com,2023-08-18
takshcreation.com,2023-07-11
evercrafty.in,2023-09-06
dbstore.in,2023-08-31
coverscases.store,2023-08-16
modestkudi.com,2023-09-15
fabcoast.in,2023-08-18
www.escapebyaishwarya.com,2023-09-15
www.coldfusionzone.com,2023-09-13
www.viyafashion.in,2023-08-11
iconicdiva.in,2023-06-29
www.senecart.store,2023-08-15
vastramefashion.com,2023-06-29
orbexstore.myshopify.com,2023-08-03
perfactmart.in,2023-07-22
huesstudio.in,2023-09-14
firstprincessdress.com,2023-06-29
humpyfarms.com,2023-07-31
kiassastore.myshopify.com,2023-07-20
alorbags.com,2023-06-22
viraltribe.shop,2023-09-15
paradiseshopping.in,2023-08-16
thefashionside.in,2023-09-16
shopquirkyhome.myshopify.com,2023-09-16
nooob.co,2023-07-11
shirtswale.com,2023-09-12
whimbypoorvi.com,2023-06-16
sparsaindia.com,2023-09-12
spitwatch.shop,2023-09-02
blackaccessorie.myshopify.com,2023-09-15
lotuswild.in,2023-06-21
wagginghappytails.com,2023-07-20
thegenkstore.in,2023-09-12
buyrighty.com,2023-06-22
reemkart.in,2023-07-11
mycybele.in,2023-06-21
colinmart.in,2023-09-14
easylifenow.co.in,2023-09-10
trustwaterindia.com,2023-08-08
trendgenie.shop,2023-08-25
www.zavvyy.com,2023-09-07
mallity.in,2023-09-10
specialthings.in,2023-07-23
gc.gtworldd.com,2023-09-11
trndes.com,2023-09-14
sneero.com,2023-09-14
bestbuy-4798.myshopify.com,2023-09-09
go4shopingcart.com,2023-08-31
shoppinghq.in,2023-09-14
roxcart.in,2023-08-12
frozenfly.in,2023-08-21
cadiz.store,2023-09-04
furrvanity.com,2023-09-13
thesmartstores.myshopify.com,2023-08-26
justjoota.com,2023-09-07
amritsarplate.com,2023-07-04
qualitycarts.in,2023-09-07
www.carryme.shop,2023-09-15
finenity.com,2023-08-29
droptop.fit,2023-07-29
store.bibliophiles.in,2023-09-07
qusoomqishori.com,2023-08-04
gobaski.shop,2023-09-01
unboxy.in,2023-08-06
giftjoystore.in,2023-08-10
coadhesive.in,2023-09-11
toyzcollections.com,2023-08-03
classy-collections-01.myshopify.com,2023-08-30
www.cnfunky.com,2023-08-13
santu.in,2023-08-26
alleybazar.in,2023-09-05
suratigift.com,2023-08-26
bonmarcheindia.com,2023-09-14
coordsworld.com,2023-09-09
carriworth.shop,2023-09-08
aurostreet.in,2023-09-08
worldssmartthings.com,2023-09-16
www.trendything.shop,2023-08-26
ooberi.com,2023-09-09
bazaarworth.com,2023-09-14
activecart.in,2023-07-26
stylevalley.in,2023-07-21
www.smartgharwala.com,2023-09-09
sscart.co.in,2023-09-12
shoppershub.site,2023-09-15
www.zipcartz.in,2023-09-14
www.soxio.in,2023-09-04
trendcentral.in,2023-07-16
awesure.in,2023-07-08
supzmart.in,2023-09-12
stitchmonkey.in,2023-07-27
quirkyzoo.com,2023-09-08
verbalsclothings.com,2023-09-14
snapmart.shop,2023-09-05
worthywolf.in,2023-09-11
vkartonline.com,2023-07-30
globalgift.in,2023-08-20
nest-co-4190.myshopify.com,2023-09-16
www.urbanbeauty.live,2023-07-25
bashhouse.in,2023-09-03
alwahidbm.com,2023-07-02
namasteshopping.in,2023-09-07
shoemania69.myshopify.com,2023-08-02
everydaywish7.myshopify.com,2023-09-08
yourproductbasket.com,2023-09-14
shoppy24.in,2023-08-12
www.productcapital.shop,2023-09-14
bajaraaj.com,2023-07-29
gmsolo.in,2023-09-13
jaamuni.com,2023-09-05
trendyfy.shop,2023-09-14
www.smayki.com,2023-08-30
www.bazaardeal.in,2023-08-29
ominstyles.shop,2023-07-25
laxiglow.online,2023-08-12
www.soomaro.in,2023-08-09
vitalmart.store,2023-09-04
www.ajanthas.com,2023-09-02
trendymarttm.com,2023-09-12
thrivetoystore.com,2023-08-19
wellsun.in,2023-09-11
coralasana.com,2023-08-29
watchcity24.myshopify.com,2023-07-14
hundredsmilex.myshopify.com,2023-09-15
agnizon.com,2023-07-28
loungewearss.myshopify.com,2023-08-13
dreamydropstore.com,2023-09-10
binddas.in,2023-09-16
www.abisbags.com,2023-07-20
easytobuy.in,2023-08-31
fitlyf.co,2023-09-12
www.animeaura.shop,2023-08-13
najmachikanhousebyfch.com,2023-09-14
trustifiy.myshopify.com,2023-08-17
288f92-2.myshopify.com,2023-08-22
teddyhell.com,2023-09-14
srcreations4.com,2023-08-27
www.cartcraze.shop,2023-08-01
shopti.in,2023-09-12
ghugghu.shop,2023-09-13
neckdresss.myshopify.com,2023-07-26
pureluxs.co,2023-08-28
www.buddyshop.in,2023-09-08
pickunique.co,2023-09-14
youniquehub.com,2023-08-13
toyzworld.store,2023-09-09
swiftstore.site,2023-09-15
shopewithus.com,2023-08-11
klrsarees.com,2023-06-17
infinity-aura.myshopify.com,2023-05-04
fytika.com,2023-08-17
www.nashionalpermit.com,2023-05-02
shirtsshark.com,2023-02-17
shivaliarora.com,2022-11-26
threadcraft.co,2023-01-06
kickboxindia.com,2023-09-16
virnakart.com,2023-02-03
nastymonk.com,2023-09-15
www.onlymodest.com,2023-09-14
thecookgarden.com,2023-08-07
avkhush.co.in,2023-06-05
ditchtheguilt.fit,2023-09-15
littlejoystudios.com,2023-08-23
bowkart.com,2023-09-16
roselinmiddleton.com,2023-05-16
eroloc.com,2023-08-02
srjanaindia.com,2023-08-31
printkings.in,2023-06-06
hayatiturkey.com,2023-06-05
spareking.com,2023-02-18
www.tuvisha.com,2023-04-21
www.myfolksfavorite.com,2023-09-16
estheradorned.com,2023-04-21
theprintingshop.in,2023-08-29
www.simplemall.live,2023-09-16
babushkas.in,2023-05-16
samanki.com,2023-03-13
spiderhq.com,2023-09-14
www.glitty.in,2023-09-01
kasual4women.com,2023-09-06
3darya.com,2023-08-06
www.lovery.in,2023-08-26
shopcroc.com,2023-09-14
thegstco.com,2023-09-10
solitairewatches.com,2023-02-02
www.shoppinghappiness.in,2023-09-11
restarttrend.com,2023-09-16
monochromeleather.com,2023-07-12
smileshopindia5.myshopify.com,2023-09-04
golensshop.com,2023-04-11
6t6apparels.com,2023-03-07
zomoshope.in,2023-09-16
www.longwayindia.com,2023-08-01
www.sillybasket.com,2023-09-15
thesdshopping.com,2023-09-15
tuckiedindia.store,2023-07-12
shop.vendos.in,2023-09-10
hypemall.in,2023-06-28
www.lozeccreation.com,2023-08-15
heybabe.in,2023-09-13
jasminebyseba.com,2023-06-21
www.houseofkaftan.in,2023-06-10
www.verakart.in,2023-09-10
fabripple.com,2023-03-30
buysimplethings.com,2023-09-08
wishsmiles.shop,2023-08-30
www.onestore.cloud,2023-09-06
venioskart.myshopify.com,2023-09-14
shalvimart.com,2023-04-29
tonhuai.com,2023-08-24
pihardesigner.in,2023-06-30
thousandindia.com,2023-07-11
onecannon.co.in,2023-09-08
krances.in,2023-09-16
blueeagle-clothing.com,2023-06-05
wishup1.myshopify.com,2023-09-16
thewillsons.in,2023-05-16
boxofsmile.in,2023-09-15
urbanpluse.com,2023-09-12
www.topnrstatus.com,2023-04-27
lootmachao.in,2023-04-01
www.ahlandates.com,2023-04-08
renaissancesoul.in,2023-08-02
anujandrishina.com,2023-05-24
mykaajaipur.com,2023-04-23
wishhive.shop,2023-08-11
www.salecart.shop,2023-08-31
blackbuy.in,2023-09-16
expensiveretail.com,2023-06-21
bacarti.in,2023-09-16
resisteyewear.com,2023-06-30
bestowcart.in,2023-09-15
lambdapro.in,2023-08-28
fotismos.in,2023-08-24
shoptruz.in,2023-09-10
spaceyoga.in,2023-05-16
www.endmillkalakruti.com,2023-06-17
www.medtexindia.com,2023-07-31
www.bepreppyy.com,2023-05-16
creativeglut.com,2023-08-09
www.ziravia.com,2023-06-16
abhidropship.com,2023-06-20
jantar-mantar.in,2023-06-24
www.bhromorstore.com,2023-08-22
olin1mart.com,2023-09-08
www.realonkart.com,2023-06-30
marzimall.com,2023-09-06
wastedhabitat.shop,2023-08-09
nootanky.com,2023-08-04
www.downspree.com,2023-07-01
homenext.in,2023-09-15
mycashway.com,2023-07-04
novamart.in,2023-09-16
vrushisfashion.in,2023-09-16
viveknpure.com,2023-06-02
039e0c.myshopify.com,2023-08-30
health.drmorepen.com,2023-07-21
musingsindia.com,2023-09-16
www.themastershop.shop,2023-08-19
gloglitz.com,2023-05-22
www.shopecoearth.com,2023-09-14
honestreview247.com,2023-07-09
dodgefly.in,2023-09-04
shoppingbazaar.in,2023-08-31
www.wowtoysden.com,2023-05-28
myexclusivecart.in,2023-07-15
dvynlove.com,2023-06-13
wearbychoice.com,2023-06-16
purvabites.com,2023-08-11
dealsstudioos.myshopify.com,2023-09-14
dealzmart.shop,2023-09-11
reliamart.in,2023-09-14
fashioncenter.live,2023-09-15
products2digital.com,2023-09-16
quirkybuy.in,2023-08-10
iaurora.in,2023-06-28
cartpitchfashion.com,2023-06-27
tradersmatemerchandise.myshopify.com,2023-06-28
wishkart.co,2023-09-15
kaykaylabel.com,2023-09-06
jillexfabric.com,2023-09-15
emartstore.in,2023-09-16
hotshop.life,2023-06-27
aisheri.in,2023-06-19
sealthedeal.in,2023-08-03
ur-wish-enterprise.myshopify.com,2023-06-26
qarmic.com,2023-09-14
fitnessfanda.com,2023-07-15
denic.shop,2023-08-28
rcfashionindia.com,2023-08-01
www.shopsway.in,2023-07-12
clickshopyy.com,2023-09-15
loremstyle.com,2023-06-15
aihole.in,2023-08-10
shopeaze1.myshopify.com,2023-07-05
fashionintrend.in,2023-07-05
dreamzone.in,2023-09-06
blinkit3x.com,2023-09-03
www.iksaclothing.com,2023-07-23
ladylook.in,2023-07-10
tresho.com,2023-08-06
urbansales.in,2023-09-14
studio22.co.in,2023-08-20
kiafashion.in,2023-08-12
needtobig.com,2023-08-17
classycosmetics.in,2023-09-15
vistabazar.com,2023-07-18
www.rahax.in,2023-08-25
www.kushna.in,2023-08-24
vastraavilla.in,2023-08-02
www.thehomeshop18.com,2023-07-31
hasanoud.com,2023-07-21
mywhiralstore.myshopify.com,2023-09-10
kidezy.com,2023-08-02
thegreenmall.shop,2023-09-14
www.dreamhomex.com,2023-09-14
www.thelightpole.com,2023-06-26
homekart05.myshopify.com,2023-09-01
dreamwellshops.com,2023-08-27
tcwgrandshoppingzone.com,2023-07-08
chicpea.in,2023-07-11
thinksfirststore.com,2023-09-15
shopperstore.co,2023-09-15
www.bazarvibe.in,2023-08-31
zehera.com,2023-08-12
z-onestopshop.myshopify.com,2023-07-27
kohinoorchanderi.com,2023-08-16
mesmera.in,2023-09-01
anzarulmustafa.in,2023-09-01
trendexx.in,2023-07-31
bluecamel.in,2023-08-17
outletstore.co.in,2023-08-24
www.crystal.one,2023-08-11
thelifestyleyolo.in,2023-09-10
swadeshiorder1.myshopify.com,2023-09-08
onlybargain.online,2023-08-26
www.shoporise.store,2023-07-20
greekislandhome.com,2023-07-23
shopcartix.in,2023-08-30
www.vintagica.in,2023-09-16
www.anshenterprises.shop,2023-08-17
www.marrwaadcrreation.com,2023-09-11
snonakodi.com,2023-09-15
busycart.shop,2023-09-06
firesale.co.in,2023-07-11
www.shrishtvi.com,2023-09-15
thetrendyindians.shop,2023-08-09
otakuoutpost.fun,2023-08-16
genuinemall.in,2023-09-14
hibsaorginals.co.in,2023-09-15
clothisfy.com,2023-08-12
www.silkystore.in,2023-07-05
www.box24.in,2023-08-14
www.favproducts.shop,2023-07-29
dazzleposh.com,2023-07-10
relicsgadgets.myshopify.com,2023-09-16
ourhappynest.co.in,2023-09-10
bazaarmela.com,2023-08-28
gocartly.in,2023-09-15
www.aakaararts.com,2023-09-12
teenate.com,2023-08-28
nixie.in,2023-09-10
miltakart.com,2023-09-15
www.crazyfinds.in,2023-09-06
teslamart.in,2023-09-14
sastawala.shop,2023-09-15
www.oorjas.com,2023-09-12
nesomart.com,2023-08-08
theavion.in,2023-09-16
impulsehub.in,2023-09-15
tech2.store,2023-07-17
flamoura.com,2023-08-25
urbanuppers.com,2023-07-18
bulkstore.in,2023-09-15
happychoice.co.in,2023-08-11
cpuviruskey.com,2023-08-23
twistandtie.in,2023-09-02
ostrichcollaction.myshopify.com,2023-08-22
cosmeticwala.shop,2023-09-15
www.shoplife.in,2023-09-16
samsmartdeals.myshopify.com,2023-08-01
mableparis-6671.myshopify.com,2023-07-17
happycitymall.com,2023-09-15
tinytrolley.com,2023-09-13
marcsy.in,2023-07-20
shopikart.shop,2023-09-15
www.anukulya.in,2023-09-13
www.wrapit.shop,2023-07-26
www.zikki.shop,2023-09-10
shop.theshopli.com,2023-08-01
wowtrends.in,2023-09-16
theknockknockstore.shop,2023-09-16
2cannon.com,2023-08-19